account_id,client_id,country,account_type,risk_rating,pep_status,opened_at
ACC95822412,C216739,DZ,personal,high,True,2022-09-13
ACC39958838,C246316,AR,personal,low,False,2024-02-04
ACC14265799,C131244,HN,personal,medium,True,2023-08-27
ACC77827638,C731262,CU,personal,medium,False,2022-08-17
ACC39587039,C571029,GD,PEP,low,True,2026-05-24
ACC66722344,C456778,BT,PEP,medium,True,2025-05-05
ACC55176955,C207175,AU,personal,critical,True,2022-01-03
ACC58181396,C988662,BW,PEP,high,True,2023-08-13
ACC71662963,C662275,HT,personal,critical,True,2026-01-20
ACC84093639,C407419,UY,PEP,medium,True,2021-12-24
ACC16150444,C793384,TJ,corporate,high,True,2023-06-12
ACC41244663,C205907,VC,high_risk,high,False,2026-05-23
ACC95320121,C974628,NL,PEP,medium,False,2023-08-18
ACC57683626,C319684,PE,PEP,low,True,2024-02-14
ACC81691040,C864544,AF,corporate,medium,False,2023-02-11
ACC60929647,C383060,MC,corporate,high,True,2025-05-08
ACC40742311,C961722,LV,personal,high,False,2024-02-13
ACC45935572,C169403,DE,corporate,high,True,2023-08-02
ACC97971488,C623481,LU,high_risk,critical,True,2022-08-16
ACC45551614,C246413,BW,corporate,high,False,2024-12-26
ACC88320463,C518801,BY,PEP,medium,True,2024-10-22
ACC78387461,C617488,LY,personal,low,True,2024-01-02
ACC30514014,C757924,BD,corporate,critical,True,2025-08-30
ACC61642594,C500156,SO,high_risk,high,True,2022-10-25
ACC25374874,C814825,MT,PEP,high,True,2022-06-04
ACC49392920,C555884,TG,corporate,critical,True,2024-03-31
ACC45351479,C624902,YE,corporate,low,False,2024-10-30
ACC95758349,C632323,TR,corporate,medium,False,2023-05-23
ACC31682744,C665579,MA,personal,high,False,2022-05-07
ACC12614124,C217301,BD,PEP,high,True,2023-09-11
ACC17774584,C352572,JP,personal,low,False,2022-06-07
ACC19289546,C897549,HT,corporate,medium,False,2022-08-12
ACC83793389,C273148,MU,PEP,critical,True,2024-02-13
ACC82383095,C891952,PH,corporate,high,False,2024-11-09
ACC97225156,C491559,DK,high_risk,critical,True,2024-11-26
ACC43273328,C335612,MH,personal,high,True,2023-07-15
ACC88961459,C680828,SV,corporate,medium,True,2024-01-10
ACC19528530,C842225,ME,personal,medium,True,2022-05-12
ACC14216175,C446479,UZ,personal,medium,False,2023-03-18
ACC99788677,C608993,SN,corporate,medium,False,2023-11-02
ACC42614537,C922733,DK,high_risk,critical,True,2025-09-08
ACC22660194,C201639,MU,high_risk,high,False,2024-01-19
ACC65177213,C589710,DZ,personal,low,True,2026-06-29
ACC64038913,C863587,GN,PEP,low,True,2024-07-06
ACC35714784,C299448,BG,high_risk,medium,False,2023-09-14
ACC34627347,C392075,AU,high_risk,medium,True,2024-06-09
ACC69476001,C947272,MZ,personal,low,True,2024-01-12
ACC22517517,C890170,BI,corporate,medium,False,2023-07-20
ACC75181648,C604740,TN,corporate,critical,True,2024-06-06
ACC32097220,C497382,GH,personal,critical,False,2026-01-01
ACC71070189,C399105,MY,high_risk,critical,True,2025-08-28
ACC35487660,C411120,CV,corporate,low,True,2024-01-03
ACC52091325,C159942,CU,personal,critical,True,2023-11-08
ACC17634247,C632496,CH,personal,medium,True,2026-07-13
ACC89864260,C171262,SO,corporate,critical,True,2023-12-28
ACC86460539,C358175,AE,personal,low,False,2025-05-26
ACC98231132,C712024,TV,PEP,high,True,2025-02-24
ACC99889098,C850981,ML,PEP,medium,False,2023-08-15
ACC63121477,C237235,CU,PEP,critical,False,2026-02-02
ACC19736572,C109767,SA,high_risk,low,True,2022-07-12
ACC82160068,C323508,TW,PEP,medium,False,2022-02-26
ACC19233013,C356150,CG,PEP,high,True,2023-01-20
ACC68812137,C974244,YE,PEP,low,False,2023-02-12
ACC99038526,C208618,KZ,corporate,high,True,2025-05-06
ACC24366125,C878480,UG,corporate,high,False,2022-04-18
ACC91178885,C320861,MV,PEP,medium,False,2024-12-31
ACC77834855,C612262,UG,PEP,low,True,2025-09-26
ACC95132217,C544151,SM,PEP,low,True,2023-11-23
ACC54769200,C908577,TG,corporate,high,True,2021-11-07
ACC69302158,C678478,KZ,high_risk,low,True,2022-09-23
ACC20099059,C824586,KZ,corporate,low,False,2026-04-28
ACC88183110,C679364,GB,corporate,critical,True,2024-01-09
ACC15614174,C423232,BA,PEP,low,False,2024-08-24
ACC38195995,C815198,CG,corporate,low,False,2024-04-01
ACC85146293,C526117,NZ,corporate,medium,True,2023-02-06
ACC33763566,C532322,PH,personal,medium,False,2021-10-13
ACC65259205,C941204,WS,corporate,high,True,2023-12-30
ACC24508349,C501124,SC,personal,critical,True,2023-04-11
ACC36786211,C956253,SD,high_risk,high,False,2022-08-29
ACC40547349,C333752,YE,personal,medium,False,2024-04-17
ACC54058573,C392136,DZ,personal,high,False,2026-01-27
ACC96098221,C634150,UZ,high_risk,high,True,2023-06-12
ACC25480907,C373903,DE,corporate,high,True,2024-12-07
ACC24549543,C725550,DK,high_risk,high,False,2026-05-05
ACC68571795,C735656,SM,personal,critical,True,2021-10-04
ACC44188276,C146542,US,high_risk,low,True,2024-07-06
ACC58884978,C552248,RW,personal,high,False,2021-12-02
ACC99038359,C989208,CG,personal,high,False,2024-11-03
ACC99508850,C528231,KP,PEP,critical,False,2023-10-16
ACC84411983,C233470,BG,corporate,critical,False,2023-10-21
ACC33357554,C745414,TN,PEP,critical,True,2022-06-04
ACC50785405,C400850,BS,corporate,critical,False,2025-11-20
ACC72409658,C563246,BJ,high_risk,medium,False,2026-04-15
ACC32775593,C790855,CN,personal,high,False,2022-11-05
ACC22534217,C958179,KM,corporate,high,True,2025-10-18
ACC36726767,C254511,SY,personal,low,True,2023-02-28
ACC73771720,C740967,IN,personal,critical,False,2026-03-30
ACC94525678,C703634,UZ,corporate,critical,False,2025-05-09
ACC63640499,C355836,GH,corporate,low,True,2026-05-05
ACC67062156,C329471,TW,corporate,critical,True,2023-06-19
ACC84813739,C361303,LC,personal,critical,True,2024-05-28
ACC72363359,C800005,MZ,PEP,critical,False,2024-12-06
ACC83534128,C567574,OM,corporate,critical,False,2026-02-27
ACC44788100,C888295,PG,corporate,high,False,2022-10-13
ACC94120751,C350867,HU,PEP,critical,True,2023-09-01
ACC48349783,C345884,BI,PEP,high,False,2024-08-18
ACC82498004,C184491,AO,corporate,medium,True,2026-06-19
ACC61410126,C827659,GT,corporate,medium,True,2023-08-18
ACC65682626,C527398,AF,PEP,critical,False,2022-05-11
ACC18357162,C316881,KN,high_risk,critical,True,2022-04-03
ACC87267850,C498858,GT,high_risk,low,False,2022-04-30
ACC50079111,C890075,AU,high_risk,critical,True,2024-07-25
ACC75529051,C330080,BN,PEP,critical,False,2026-02-16
ACC13895645,C507746,GW,PEP,critical,True,2024-02-15
ACC72732043,C233827,SV,personal,critical,True,2025-11-19
ACC21267237,C773971,GH,high_risk,medium,False,2026-05-05
ACC34391257,C152727,CO,PEP,critical,False,2026-08-12
ACC38408562,C576786,TR,PEP,high,False,2025-10-10
ACC47346970,C888539,HN,high_risk,high,True,2025-10-11
ACC73123515,C120324,NE,personal,high,True,2023-05-17
ACC97260863,C171951,BY,personal,low,True,2022-07-31
ACC36757737,C979995,KM,personal,medium,True,2025-06-03
ACC26941092,C596564,MH,personal,medium,False,2025-05-11
ACC44392446,C904150,NG,PEP,medium,True,2025-09-22
ACC31980274,C426147,ZA,personal,low,False,2022-03-20
ACC87282128,C810250,GQ,high_risk,critical,True,2022-08-04
ACC20200074,C720859,BH,corporate,low,False,2025-03-06
ACC90585882,C944657,ZA,personal,low,False,2024-08-22
ACC81503856,C549186,CD,PEP,low,False,2023-11-14
ACC11698142,C990844,FI,high_risk,critical,True,2023-05-16
ACC68186525,C479781,SO,high_risk,medium,False,2025-07-27
ACC33640702,C869440,CU,PEP,critical,False,2025-05-05
ACC68461818,C965845,EG,PEP,high,True,2024-02-15
ACC21631697,C392477,PL,high_risk,medium,False,2023-11-18
ACC86483924,C739979,BO,high_risk,high,True,2025-07-10
ACC76344695,C992288,SY,PEP,medium,False,2022-08-03
ACC38470244,C472060,BE,PEP,high,False,2026-05-09
ACC90014570,C835244,AL,PEP,low,True,2022-07-19
ACC21490777,C353080,GB,high_risk,critical,True,2023-10-07
ACC73900135,C777278,DM,high_risk,critical,True,2025-03-18
ACC22489409,C408528,RU,corporate,critical,True,2025-11-06
ACC51098277,C796212,GH,PEP,critical,False,2025-03-01
ACC67110154,C882169,BH,PEP,high,False,2023-02-26
ACC46361787,C421517,MU,PEP,medium,True,2021-10-09
ACC35848226,C430876,MW,personal,medium,True,2024-01-04
ACC39042654,C874483,PH,high_risk,high,False,2024-03-07
ACC23492385,C973074,NO,corporate,high,True,2026-06-25
ACC58436637,C288158,HR,PEP,low,True,2025-11-23
ACC46817443,C147726,DE,personal,high,True,2023-05-15
ACC95613415,C889359,KE,high_risk,low,True,2023-08-10
ACC87049595,C398151,BG,high_risk,critical,False,2026-05-14
ACC55728776,C293319,BH,personal,high,False,2024-06-03
ACC25312516,C962050,BG,personal,critical,False,2022-03-07
ACC19943140,C705050,TV,personal,medium,True,2025-10-23
ACC85543051,C418594,SC,personal,medium,True,2026-04-10
ACC84903294,C901577,DJ,high_risk,medium,False,2022-03-28
ACC70467027,C564226,SE,PEP,critical,False,2022-06-08
ACC86320155,C751194,ER,personal,low,True,2022-05-03
ACC93955206,C321275,UG,PEP,low,True,2022-05-02
ACC42194159,C282256,GQ,personal,medium,True,2023-10-03
ACC64830300,C572387,NA,high_risk,high,True,2022-10-10
ACC41068214,C402099,TN,PEP,critical,True,2023-11-06
ACC41329612,C377405,TT,corporate,critical,True,2022-02-03
ACC83089925,C335729,VN,corporate,high,True,2022-06-14
ACC19584466,C162535,NL,corporate,high,False,2026-07-25
ACC68942178,C230394,SK,high_risk,high,False,2024-06-11
ACC46540265,C624783,IL,high_risk,critical,True,2023-06-29
ACC90267122,C141797,SV,high_risk,high,False,2024-06-05
ACC13471527,C195763,GY,corporate,low,False,2024-01-06
ACC87342561,C142185,MY,corporate,critical,False,2022-11-13
ACC47333543,C290305,SV,high_risk,critical,True,2024-04-22
ACC73083727,C464863,PK,high_risk,high,False,2024-06-11
ACC99943797,C209680,GB,corporate,high,False,2022-05-16
ACC76500726,C402218,AG,high_risk,low,False,2025-08-26
ACC21819185,C429795,VU,PEP,high,True,2026-07-18
ACC64247457,C639593,BZ,personal,critical,False,2022-05-18
ACC17275149,C296694,SO,PEP,critical,False,2023-07-27
ACC16927215,C313446,SD,PEP,medium,False,2024-01-04
ACC68802946,C832168,CO,high_risk,low,True,2024-09-21
ACC94560158,C738448,BJ,corporate,medium,False,2023-10-31
ACC83932360,C114338,MN,high_risk,low,True,2024-03-06
ACC25228493,C583863,DJ,personal,medium,False,2025-06-25
ACC49172995,C633590,ST,PEP,critical,False,2024-04-29
ACC73380266,C355570,VA,high_risk,medium,False,2026-04-03
ACC35583290,C728492,AG,corporate,low,False,2026-06-22
ACC65692629,C456385,KG,PEP,low,False,2022-08-20
ACC50071487,C978157,CR,high_risk,medium,False,2024-01-02
ACC82287061,C607868,CI,PEP,high,False,2022-08-31
ACC71115319,C437408,CH,corporate,medium,False,2026-06-17
ACC41348220,C997594,DE,high_risk,low,False,2024-01-27
ACC73481797,C839485,JM,high_risk,critical,True,2023-07-19
ACC76481885,C138817,VC,corporate,high,True,2024-09-02
ACC69096899,C204555,GA,high_risk,low,True,2024-01-01
ACC65026398,C786587,SD,corporate,low,False,2025-11-28
ACC45570755,C455007,ID,high_risk,low,False,2022-03-09
ACC81621574,C498468,BW,PEP,critical,True,2025-05-11
ACC92874006,C171744,IS,corporate,high,True,2022-02-16
ACC22130508,C555052,AD,personal,low,False,2024-08-04
ACC32329103,C827712,CO,PEP,low,True,2023-12-25
ACC53536830,C934816,DK,personal,high,False,2025-07-06
